{
  "camera": {
    "device_type": 0,
    "sn": "KE0200060400",
    "video_path": "../src/utils/data/videos/outpost_blue5.mp4",
    "picture_path": "../src/utils/data/pictures/armors/",
    "size": {
      "height": 1024,
      "width": 1280
    },
    "camera_type": 8,
    "camera_param": {
      "fx": 1255.1,
      "fy": 1261.1,
      "u0": 620.0,
      "v0": 528.8,
      "k1": -0.2241,
      "k2": 0.2059,
      "k3": -0.1233,
      "p1": 0,
      "p2": 0,
      "exposure_time": 4000,
      "gain": 4,
      "gamma": 2.5
    },
    "camera_8mm_param": {
        "fx": 1635.83324754062,
        "fy": 1643.40331281071,
        "u0": 634.397754745951,
        "v0": 453.504152786387,
        "k1": -0.0962427693509408,
        "k2": 0.415910995370728,
        "k3": -1.31895977862070,
        "p1": -0.00457036616830539,
        "p2": 0.000110566938396889,
        "exposure_time": 4000,
        "gain": 8,
        "gamma": 2.5
      },
    "camera_trans": {
      "x": 0,
      "y": -0.06,
      "z": 0.08
    }
  },
  "serialport": {
    "enable": 1,
    "deviceName": "/dev/ttyUSB0"
  },
  "detector": {
    "color": "blue",
    "thresh": 70
  },
  "classifier": {
    "model": "CNN"
  },
  "debug": {
      "enable": false,
      "thresh": false,
      "verbuse": false,
      "video": false,
      "armor": false,
      "save_step": 1,
      "trajectory": {
          "distance": false
      },
      "coord": false,
      "socket": false
  }
}
